{"graph": {"_type": "graph-file", "path": "media/graph/graph_summary_248dba0e.graph.json", "sha256": "248dba0ee30f06cee5715214dd9578ff5c86106c85a3c504b31ff7e3629fe9e1", "size": 813}, "val_acc": 0.6528089642524719, "val_loss": 1.0403786439574167, "epoch": 0, "acc": 0.646217405796051, "_step": 23, "_timestamp": 1596962085.3623037, "loss": 1.0550555005280868, "_runtime": 101.83027291297913, "best_val_loss": 1.0403786439574167, "best_epoch": 0}
