{"graph": {"_type": "graph-file", "path": "media/graph/graph_summary_fb304c48.graph.json", "sha256": "fb304c48ee51e87f54f3b9adc27e02adef203c50061966689b3c6158427afb7e", "size": 785}, "val_acc": 0.9877743124961853, "val_loss": 0.05687680487815863, "epoch": 0, "acc": 0.9921978116035461, "_step": 198, "_timestamp": 1596958625.06765, "loss": 0.03607145110511772, "_runtime": 908.2223896980286, "best_val_loss": 0.05687680487815863, "best_epoch": 0}
