{"graph": {"_type": "graph-file", "path": "media/graph/graph_summary_66ae7cb1.graph.json", "sha256": "66ae7cb1b297968c54f8a3ca9c93e21fba32a7eab407ac922cad1e5c5688ad0f", "size": 816}, "acc": 0.4374347925186157, "_timestamp": 1596972664.670845, "val_acc": 0.43225806951522827, "_step": 71, "_runtime": 1035.9255270957947, "epoch": 0, "loss": 1.553657953635506, "val_loss": 1.5405875444412231, "best_val_loss": 1.5405875444412231, "best_epoch": 0}
