{"graph": {"_type": "graph-file", "path": "media/graph/graph_summary_dab870d6.graph.json", "sha256": "dab870d65a610cf3c6c93ad94c9c7a83cf7e10001302c32ffab4e807766ddcd5", "size": 808}, "acc": 0.9167391061782837, "_timestamp": 1596973167.5693736, "val_acc": 0.8935483694076538, "_step": 198, "_runtime": 471.31894278526306, "epoch": 0, "loss": 0.21678057103053383, "val_loss": 0.2864091098308563, "best_val_loss": 0.2864091098308563, "best_epoch": 0}
