{"graph": {"_type": "graph-file", "path": "media/graph/graph_summary_89541b35.graph.json", "sha256": "89541b352dc3348b617aecfd730ccfe74d8323e3c7be3041d18c5a0b1e58ecc4", "size": 987}, "_step": 4, "_runtime": 3318.3921706676483, "acc": 0.9995864629745483, "_timestamp": 1597138270.4751422, "loss": 0.0014560351753861482, "val_loss": 0.0013948432000864658, "val_acc": 1.0, "epoch": 0, "best_val_loss": 0.0013948432000864658, "best_epoch": 0}
