{"graph": {"_type": "graph-file", "path": "media/graph/graph_summary_0794fc0c.graph.json", "sha256": "0794fc0c21d866c432eb8e7de047a6c3fe58500cbd27ee39de7b02806852f2e9", "size": 813}, "val_acc": 0.8960674405097961, "val_loss": 0.28647988016685744, "epoch": 0, "acc": 0.9556521773338318, "_step": 198, "_timestamp": 1596963225.178893, "loss": 0.12941119059272435, "_runtime": 776.512668132782, "best_val_loss": 0.298822890171844, "best_epoch": 0}
