{"graph": {"_type": "graph-file", "path": "media/graph/graph_summary_41b951ba.graph.json", "sha256": "41b951ba556ee864c170cf10b663e235a3c2b332cecb8eff27a32e7db2910afe", "size": 1047}, "_timestamp": 1597129614.9373496, "loss": 0.001722115740623639, "epoch": 0, "acc": 0.9994843006134032, "val_acc": 0.9982455968856812, "val_loss": 0.00151911626565842, "_runtime": 37768.47063398361, "_step": 22, "best_val_loss": 0.0011530158251907938, "best_epoch": 0}
