{"graph": {"_type": "graph-file", "path": "media/graph/graph_summary_83d91645.graph.json", "sha256": "83d916452194c64c0f6273e95ddbeec1d65612a82d51a0cace865fc437848533", "size": 989}, "epoch": 0, "val_loss": 0.0011782421313814428, "_timestamp": 1597140886.2662241, "val_acc": 1.0, "loss": 0.003679776292326713, "_step": 2, "acc": 0.9989170432090759, "_runtime": 6017.962540149689, "best_val_loss": 0.0011782421313814428, "best_epoch": 0}
