{"graph": {"_type": "graph-file", "path": "media/graph/graph_summary_fb304c48.graph.json", "sha256": "fb304c48ee51e87f54f3b9adc27e02adef203c50061966689b3c6158427afb7e", "size": 785}, "acc": 0.9398260712623596, "_timestamp": 1596970847.6453521, "val_acc": 0.8935483694076538, "_step": 198, "_runtime": 682.607750415802, "epoch": 0, "loss": 0.1578654890993367, "val_loss": 0.2789260149002075, "best_val_loss": 0.2789260149002075, "best_epoch": 0}
