{"graph": {"_type": "graph-file", "path": "media/graph/graph_summary_1cba786b.graph.json", "sha256": "1cba786ba4e0e8688c1343185a36bd7fdbb69913b7e7f4ba0b9fe17d5303c101", "size": 1034}, "val_acc": 1, "acc": 0.9997158050537108, "_step": 4, "loss": 0.0010799555676779709, "epoch": 0, "val_loss": 0.0002981899862436788, "_runtime": 4361.719864845276, "_timestamp": 1597070378.761202, "best_val_loss": 5.445196369501284e-07, "best_epoch": 0}
