{"graph": {"_type": "graph-file", "path": "media/graph/graph_summary_8a2375a7.graph.json", "sha256": "8a2375a7b78b47377447a59402b39ccd4d9663bfc4b574670f66ce683f37242b", "size": 813}, "val_acc": 0.999059557914734, "val_loss": 0.016237162298823597, "epoch": 0, "acc": 0.9999303221702576, "_step": 198, "_timestamp": 1596959864.810026, "loss": 0.012213628137051458, "_runtime": 818.7781460285187, "best_val_loss": 0.007366050284379235, "best_epoch": 0}
