{"graph": {"_type": "graph-file", "path": "media/graph/graph_summary_234e2238.graph.json", "sha256": "234e22388a6d1e76cc0ca4c12ef9b09fe1212f8436f831efed8ca7716a59801e", "size": 1019}, "acc": 0.9951304197311401, "_timestamp": 1596977450.4695587, "val_acc": 0.9451612830162048, "_step": 117, "_runtime": 3940.5692615509033, "epoch": 0, "loss": 0.015351553887290799, "val_loss": 0.18521447479724884, "best_val_loss": 0.18521447479724884, "best_epoch": 0}
