{"graph": {"_type": "graph-file", "path": "media/graph/graph_summary_3ef096d9.graph.json", "sha256": "3ef096d9e5cd506467ced54c91f5b8dc7189d804000d6f7213eb70d39266337d", "size": 813}, "val_acc": 0.6528089642524719, "val_loss": 1.042541978868206, "epoch": 0, "acc": 0.6521739363670349, "_step": 12, "_timestamp": 1596962405.1417277, "loss": 1.0542558170401533, "_runtime": 60.05335998535156, "best_val_loss": 1.042541978868206, "best_epoch": 0}
